iter	RMSE
0	57644.42193
1	55139.39712
2	52353.49975
3	51299.60294
4	50073.07343
5	49573.90131
6	48927.14505
7	48227.82201
8	47783.5555
9	47045.56658
10	46668.68482
11	46453.1671
12	46037.85179
13	45649.55613
14	45578.96383
15	45337.35279
16	44790.08586
17	44622.39177
18	44269.6322
19	44046.08143
20	43781.65464
21	43509.63411
22	43478.93139
23	43399.03433
24	42951.78103
25	42824.77972
26	42524.58644
27	42425.52417
28	42232.53606
29	41988.3815
